name,Other Names,Temperament/Personality,Physical Characteristics,Colors,Height (size),Weight,Blood Type,Common Uses,Health,Gaited,Popular Traits,Feeding/Diet,Country of Origin,Ancestors,Breed Registry/Association,Behavioral Characteristics/ Personality,Physical Traits/Description,Coat Colors,Height/Size,Lifespan/Longevity,Health Problems,Type,Top Speed,"Associations, Registries & Breed Standards",Behavioral Characteristics & Temperament,Physical Traits,Ancestors (Bloodlines),Associations and Registries,Temperament and Personality,Physical Description,Lifespan,What are they used for,Height (Size),Diet (How much does a Belgian Draft horse eat),Behavioral Characteristics,Life Expectancy,Care,Time of Origin,Also Known As,Common Use,Year/Time of Development,Alternative Names,Recognized by,Children Riding,Time of Development,Other Names/Nicknames,Physical Descriptions/Traits,Lifespan/Expectancy,Movements,Life Span/ Life Expectancy,Breed Information,Origin,Pronunciation,Behavioral Characteristics/Qualities,Lifespan/Life Expectancy,Good For,Conservation Status,Exercise Needs,Care Requirements,Trainability,Diet/Feeding/Drinking,Behavioral Traits,Popular For,Suitable for first-time owners,Developed in,Suitable for New/Novice Owners,Height,Color,Common uses,Health problems,Feeding/ diet,Breed registry/Association,Common Nicknames,Size,Physical description,Gait,Temperamental Characteristics,Physical Descriptions,Blood Horse Type
Akhal Teke,Golden Horses,"Active, loyal, spirited, intelligent, gentle, sensitive","A refined head, straight or fairly convex profile, long ears, almond-shaped eyes, long, lightly muscled back, upright neck, flat croup, sloping shoulders, sparse mane and tail","Palomino, golden buckskin, perlino, cremello, chestnut, bay, black, gray; horses with cream gene have a metallic sheen","14.2-16 hands (147-163 cm, 58-64 inches)",900-1000 lbs (408-454 kg),Hot-blooded,"As a sport-horse for dressage, eventing, endurance riding, racing, show jumping","May be affected by genetic diseases including naked foal syndrome, hereditary cryptorchidism, Wobbler syndrome, Osteochondritis dissecans, Degenerative suspensory ligament desmitis","Yes; smooth, elastic strides, walk, trot, canter","Endurance, resilience, toughness, ability to survive in harsh native conditions, can live without much water or food","A sparse, high-protein diet with grass, alfalfa, pellets of mutton-fat, barley, dry lucerne",Turkmenistan,"Nisean, Turkoman horses","International Association of Akhal-Teke Breeding (MAAK), Akhal Teke Association of America",,,,,,,,,,,,,,,,,,,,,,,,,,,,,,,,,,,,,,,,,,,,,,,,,,,,,,,,,,,,,,,,
Andalusian,"Spanish Horse, Pura Raza Española, PRE",,,,,"Light;
Male: 512 kilograms (1,129 lb);
Female: 412 kilograms (908 lb)",Warm,"General riding, Endurance, Dressage, Horse shows, Performances",,,"Beautiful, high emotional intelligence, low maintenance, very strong, excellent movements during walking/running","General horse diet including hay, grass, grains, etc.",Spain (Iberian Peninsula),,,"Noble, Affectionate nature, Intelligent, Brave","The profile is typically convex with a large, sculpted head having bright eyes and a kind expression; the neck is arched with a short-coupled torso, resting atop muscular and round hindquarters; the cannon bones are short, while both the mane and tail are flowing","Traditional common colors were bay, black, grey, and chestnut, but they were also found in perlino, buckskin, palomino, and dun. Presently, mostly found in bay and grey; buckskin, pearl, and cremello are extremely rare","Stallions: 15.1½  hands (61.5 inches, 156 cm);
Mares: 15½ hands (60.5 inches, 154 cm)
(adult)",Around 25 years,Needs regular grooming to stay healthy; some cases of skin cancer have been reported,"Riding horse, Show horse, Utility horse",3.75 m/s (average),"International Andalusian & Lusitano Horse Association
Association of the Foundation Andalusian Horse",,,,,,,,,,,,,,,,,,,,,,,,,,,,,,,,,,,,,,,,,,,,,,,,,,,,,,,
Arabian,"Arab, Arabian",,,,,"800 – 1,000 pounds",Warm,"Enhancement of other bloodlines, Racing, Show, Pleasure riding, Work",,,"Quick, multi-talented, efficient, excellent movements, good in jumping, easily trainable, sturdy","General horse diet including hay, grass, grains, etc.","Unknown;
Developed in the Middle East (especially, in the Arabian peninsula)",,,,,"Bay, black, chestnut, and gray are traditional colors; occasionally white, sabino, or rabicano patterns",14.1 – 15.1 hands (adult mares and studs/stallions),,"At least, six known genetic disorders have been reported, viz. Severe Combined Immunodeficiency (SCID), Lavender Foal Syndrome (LFS), Cerebellar abiotrophy (CA or CCA), Occipital Atlanto-Axial Malformation (OAAM), Equine Juvenile Epilepsy (or Juvenile Idiopathic Epilepsy), and Guttural Pouch Tympany (GPT), with the first two being conditionally fatal","Riding horse, Sport horse, Show horse, Work horse",,,"Noble, lively, intelligent, bold, affectionate","The profile is slightly concave, massive, compact and well-proportioned with a refined, wedge-shaped head ending in a short muzzle bearing large nostrils, a pair of expressive eyes and curved ears; the arched neck has a clean and refined throatlatch; the back part is short, while the tail is set high",Unknown,"World Arabian Horse Organization
Arabian Horse Association (USA)
The Arab Horse Society (UK)
Emirates Arabian Horse Society
Arabian Horse World
Arabian Jockey Club
New Zealand Arab Horse Breeders’ Society
Arabian Horse DataSource
Arabian Horse Society of Australia
Canadian Arabian Horse Registry
Arab Horse Society
Arab Horse Society of South Africa
National Arabian Horse Society of Russia (NOAL)
The Pyramid Society
Finnish Arabian Horse Society",,,,,,,,,,,,,,,,,,,,,,,,,,,,,,,,,,,,,,,,,,,,,,,,,,,
Belgian,"Belgian Horse, Belgian heavy horse, Belgian heavy draft, Belgisch Trekpaard, Brabant Trekpaard, Brabander, Brabancon, Cheval de trait Beige",,,"Chestnut or sorrel and roan with snow white markings on the legs, face, mane, and tail",,2000 kg (Male); 1575 kg (Female),Cold blooded,,"Subjected to more health issues than other breeds. Common diseases are
JEB (Junctional Epidermolysis Bullosa), a genetic disorder where newborn foals may lose a lot of their skin and show other abnormalities.
Chronic Progressive Lymphedema (swelling, thickening or hyperkeratosis and fibrosis of the distal limbs)
Mud fever
Azoturia",,"Hardy, and strong",,Belgium,The Flemish horse;,,,,,,,,,,,,,,,"Calm, docile, kind, willing, steady and easy-to-handle. Foals are very playful","Light and square head; straight or slightly concave profile; short, muscular neck; powerful loins; short, broad back; heavily muscled gaskins; medium-sized hooves; lean and strong legs with some amount of feathering;",30 years,"For draft works like ploughing, logging, pulling sleighs, hitches, and carriages, as well as for pleasure riding, show jumping, dressage, and endurance.",16.2 to 17 hands,Being a draft horse it needs a good amount of hay and grain,,,,,,,,,,,,,,,,,,,,,,,,,,,,,,,,,,,,,,,,,,,,,
Caspian,The Caspian,,,,,1050 pounds,Warm,"Dressage, jumping, mounted athletics, racing, pleasure riding, show, harness racing, competition, scurry driving",,,"Highly intelligent, multi-talented, easy trainability, adaptable to harness, easy to keep, skilled movements (sure-footed with long low strides)",,Iran (northern part),,,,,"Common colors include black, chestnut, gray, and bay;
piebald or skewbald (pinto) are not considered in the breed standards",10-12 hands (adult male and female average 11.2),,"Otherwise a healthy breed, some individuals have been reported to have suffered from laminitis, which often happens from under exercising and overfeeding","Sport horse, Show horse, Riding horse",,,,"The stature is relatively short, with a small skull having a vaulted forehead; the coat is fine and thin, while the neck is long and arched and the shoulders are sloped; the hindquarters are muscular and proportionate with tough hooves; the mane and the high set tail are luxurious and long",,"Caspian Horse Society, UK
Caspian Horse Society of the Americas",,,,,,,"Gentle, kind, alert, spirited, adaptable, eager, friendly",Around 25 years,"Feeding/Diet: Needs minimum forage; requires little or no grain supplement
(minimum supplements high in sugar or carbohydrates is essential)
Activities: Needs frequent exercise and attention",Around 3000 BC,,,,,,,,,,,,,,,,,,,,,,,,,,,,,,,,,,,,,,,,,
Exmoor,,"Friendly, trainable, good-natured, enjoy working","Stocky, sturdily built, deep chest, broad back and croup, short legs, hard hooves, relatively large lower jaws with an extra tooth, large head with small ears, large, pronounced eyes; a winter coat with a wooly underlayer and an upper layer consisting of longer hairs, thick, long mane, and tail","Brown or dark bay with black points, mealy or buff markings around the muzzle, eyes, flanks and underbelly; white markings are not allowed","11.1-12.3 hands (114-130 cm, 45-51 inches); some may reach 13.2 hands",About 700-800 lbs (318-363 kg),Warm-blooded,"For agility, long-distance riding, showing, and driving; also for conservation grazing and tending livestock; previously used as pit ponies",A healthy breed; resistant to common equine diseases,"Yes, comfortable, straight, smooth movement","Endurance, balanced appearance, strength, hooded eye, short coarse hairs on top of the tail","Grasses, heather, gorse, rushes",United Kingdom,Wild horses like Tarpan and Pottok may have had influenced the Exmoor ponies,The Exmoor Pony Society – breed standard,,,,,,,,,,,,,,,,,,,,,,,,Celtic pony,,,,,,,,,,,,,,,,,,,,,,,,,,,,,,,,,,,,,,,,
Finnhorse,"Finnish Horse, Suokki",,,,,Varies between types,,"General riding, dressage, transportation, mounted-athletics, jumping, work activities",,,"Multi-talented, easy trainability, durable","A normal diet including hay, grass, grains, etc.",Finland,,,,,"Chestnut (most common), chestnut with flaxen dilution, grey, bay, black, roan, palomino, silver dapple, skewbald pinto;
often have white markings on head and legs",15 – 17 hands (adult),,"adaptable, robust and healthy","Riding Horse, Sports Horse, Show Horse, Work Horse",,,,"Generally solid build; dry and strongly-muscled, with good hooves and strong bone, but physique varies considerably because of their different body types",,,,,,,,,"Noble, lively, willing, adaptable, docile",,,,,,,,,,,,,,,,,,,,,,,,,,,,,,,,,,,,,,,,,,,,
Franches-Montagnes,,,,,,,,,,,,,,,,,,,,,,,,,,,,,,,,,,,,,,,,,,,,,,,,,,,,,,,,,,,,,,,,,,,,,,,,,,,,,,,
French Trotter,"Norman Trotter, Trotteur Francais",,"Slightly large head, wide eyes, deep, broad chest, prominent breastbone, straight limbs, strong hooves, strong back and muscular quarters","Chestnut, brown, black, bay and gray (very rare)",,500 kg to 650 kg,,,"Healthy with no known breed-related problems, though owners should ensure a healthy living and regular vet checkup",Maintains a diagonal two beat trotting gait,"Intelligence, endurance, agility and determination.",Normally their diet includes grain and hay,France,"Norman stock horse, English Thoroughbred, American standardbred, and Hackney",,,,,,,,,,,,,,,"Calm, well-behaved, submissive, easy-to-train",,,,15 to 17 hands (60 to 65 inches; 152 to 165 cm),,,,,,,"Racing, harness racing, driving",19th century,,,,,,,,,,,,,,,,,,,,,,,,,,,,,,,,,,,,,,
Hanoverian,,"Bold, sensible, intelligent, willing, trainable, determined, disciplined, docile, calm, level-headed","A powerful, muscular body; a strong back, sturdy limbs; and athletic movement","Black, bay, gray, and chestnut are common; cremello, palomino, buckskin, and excessively white horses are not allowed","15.3-17.2 hands (160-178 cm, 63-70 inches); most horses measure 16-16.2 hands (163-168 cm, 64-66 inches)","A matured Hanoverian can weigh around 1,400 lbs (635 kg)",Warm,,"Hanoverians with the brand usually have a sound health. However, osteochondrosis can affect their joints; it can contribute to Wobbler disease, navicular syndrome, and osteoarthrosis",Yes,"Beauty, grace, athleticism, strength, even temperament",Good quality forage including fresh grass and dried hay; grain mixtures can be given to complement the forage; fresh supply of water should be available,Celle State Stud in Germany,"Thoroughbred, Cleveland Bay, Holsteiner, Prussian, Andalusian, Neapolitan, and Mecklenburg horses",,,,,,,,,,,,,,,,,,,,,,25-35 years,,,,"Previously a carriage horse; now used for General Riding, Competitive Dressage, Show Jumping and Hunting, Eventing, and Equestrian Sports",In 1735,"Hannoverian, Hannoveraner",The Hanoverian Verband,,,,,,,,,,,,,,,,,,,,,,,,,,,,,,,,,,,,
Icelandic,"Islenzki hesturinn, Icelandic pony, Iceland Tolter, Icelandic toelter horse","Patient, uncomplicated, spirited, adaptable, friendly, easy going","Well-proportioned head, straight profile, wide forehead; short, muscular neck with a broad base, broad and low withers, deep chest, slightly sloping and muscular shoulders, long back, short, muscular, and broad croup, strong legs, short pasterns, long cannon bones, full tail and mane","Gray, chestnut, black, palomino, pinto, roan, dun, bay","13-14 hands (52-56 inches, 132-142 cm)",730-840 lb (330-380 kg),Cold-blooded,"Traditional sheepherding, showing, leisure riding, and racing",No known diseases specific to the breed; the Icelandic government has taken strict measures for their protection,"Yes; walk, trot, canter/gallop; a four-beat ambling gait called tölt, and a smooth pace called flugskeið, skeið, or “flying pace”","Unique gaits, sturdily built, amiable disposition, ability to carry weight on rough terrain, easy to maintain","A mix of alfalfa, soya meal, linseed, flaked maize, vitamin supplement",Iceland,"Faroe and Yakut ponies; Fjord, Mongolian, and Nordlandshest horses","The Icelandic Horse Society of Great Britain, United States Icelandic Horse Conference",,,,,,,,,,,,,,,,,,,,,,,,,,,,,,,,,,,,,,,,,,,,,,,,,,,,,,,,,,,,,,,,
Lusitano,Puro Sangue Lusitano,,,,,"Medium Size;
900-1100 pounds",Warm,"General riding, Show, Performances, Bullfighting",,,"Multi-talented, athletic, elegant springy action, strong presence, can display a high degree of flexion in hind legs, intelligent, fast learner, submissive temperament","General horse diet including hay, grass, grains, etc.",Portugal,,,,,"Gray, bay and chestnut are most common. However, black, dun and palomino are also found",15-16 hands (adult mares and stallions),,Generally strong and healthy,"Sport horse, Riding horse, Show horse",,,,"The profile is convex with a deep, short-coupled body and a large head, almond-shaped eyes, sturdy, arched neck, a sloped croup and short cannon bones; the mane and the low-set tail is dense and graceful",Sorraia Horse (others unknown),"International Andalusian & Lusitano Horse Association
APSL (Portugal)
Breed Standard",,,25-30 years,,,,"Noble, generous, ardent, gentle, enduring, courageous, friendly, kind",,,,,,,,,,,,,,,,,,,,,,,,,,,,,,,,,,,,,,,,,,,,
Mangalarga Paulista,,,,,,975 pounds,,"Jumping, dressage, work, endurance, general riding",,,"Smooth-gaited, multi-talented, excellent in jumping, easily trainable, durable","General horse diet including hay, grass, grains, etc.",Brazil (Iberian Peninsula),,,,,"Black, white, brown, bay, gray, chestnut, dun, buckskin, palomano, perlino, cremello, roan, champagne, and grullo",14.2 – 16 hands (adult stallions and mares),,Healthy in general; no known breed-specific issues,"Cattle Horse, Riding Horse, Sports Horse, Transportation Horse",,,,"Have a straight profile with the head being triangular; the eyes are large and dark while the ears are erect with the tips turned inwards; the neck is muscular and arched, and the chest is deep and well-built; they have a medium back with straight, long, well-muscled legs","Barb Horse, Spanish Jennet",Breed Standards and Breed Association,,,,,,,"Docile, willing, noble, intelligent",,,,,,,,,Yes,1740,,,,,,,,,,,,,,,,,,,,,,,,,,,,,,,,,,
Maremmano,,,,"Gray, brown, black, roan",15.3 hands,1047 pounds,Warm-blooded,"Work, general riding, endurance",,,"Versatile, strong and hardy, easily trainable","General horse diet consisting of hay, grass, grains, vegetables, etc.",Italy,,,,,,,,The breed is generally healthy. No breed-specific health issues. Owners must ensure to maintain a healthy lifestyle and regular vet checkups,,,,,,"Thoroughbreds, Norfolk Roadsters",,,,,,,,"Docile disposition, obedient temperament; amiable, loyal, intelligent, easily trainable",,,,,,,,,,,Tuscan Horse,"Long, moderately-heavy head, muscular neck getting broad at the base; high, well-muscled withers; full chest with sloping shoulders; short back with a sloping croup; they have solid legs and a sturdy structure with good joints and strong hooves",30-31 years,"Even, energetic trots with long strides",,,,,,,,,,,,,,,,,,,,,,,,,,,,,,
Miniature,"Mini Horse, Mini Pony",,,,,225 pounds,Cold,No particular uses; kept as pets,,,"Hardy, easy to keep, easily trainable, low maintenance cost","General horse diet including hay, grass, grains, etc.","UK, USA",,,,,"Common colors include black, gray, white, pintaloosa, pinto",8.2 hands (adult male and female),,"Prone to pick up a few issues including dwarfism, eclampsia, hyperlipemia, brachygnathism, colic, crowding, prognathism, and obesity","Sports horse, Show horse",,,,"Despite having a short stature, the body is well-proportioned and strong; has a short head with a sturdy neck and slightly curved back with medium to short mane; the legs are strongly-built while the tail is long and dense",Shetland pony and Dartmoor pony,American Miniature Horse Association,,,,,,,"Gentle, lively, adaptable, eager, friendly",25 to 30 years; up to 35 years,,1600s,,,,,,,,,,,,,,,,,,,,,,,,,,,,,,,,,,,,,,,,,
Mongolian,,"Calm, reliable and friendly (after being accustomed to the rider).","Short, stocky build, strong legs, large head, strong and hard hooves","Dun, Black, Bay, Shun, White, Brown, Roan, Grey, Palomino",,Can weigh about 600 pounds (272 kg),,,Generally healthy with no known breed-related ailments.,Yes (Mostly decides his own gait while the rider is engrossed in other chores like tending cattle).  [1],"Athletic, strong, energetic, requires low maintenance","Mostly eat tall grasses and hay along with foliage, fruit, bark and plants with a rough texture. Drinks less amount of water or even eats snow in winter when in the wild.",Mongolia,,,,,,,,,,,,,,,,,,,,12 to 14 hands (48-56 inches;  122cm to 142 cm),,,,,,,"General riding, hunting, endurance riding, racing, mounted athletics like polo, racing and for work.","Though the exact date of development of these traditional horses has not been known, they gained prominence in the 13th century.",,,,,,,,,20 to 40 years ( working till they are 18 years old),Has not yet been recognized by any breed organizations.,,,,,,,,,,,,,,,,,,,,,,,,,,,,
New Forest Pony,,"Docile, easy to train, courageous, intelligent","Small head, thickly-furred ears with pointed tips, stocky and muscular body, short back, deep, narrow chest, sloping croup, low-set tail, thick winter coat and mane","Black, bay/brown, roan, chestnut, dun, gray, and occasionally white; seasonal color changes may occur","11-14.2 hands (44-58 inches, 112-147 cm)",400-800 lbs (180-360 kg),Unknown,"Pleasure riding, driving, as show horse, light draft work","The ponies should be vaccinated against tetanus, rhinopneumonitis, and influenza","Balanced, comfortable movement","Sturdiness, willingness to work, sure-footedness, can live on little food","Grass, hay, small quantity of vitamins and minerals",,"Connemara, Dartmoor, Fell, Exmoor, New Forest, Highland, and now-extinct Galloway pony",Newfoundland Pony Society,,,,,,,,,,,,,,,,,,,,,,,,,,,,,,,,,,,,,"Newfoundland, Canada",,,,,,,,,,,,,,,,,,,,,,,,,,,
Norwegian Fjord,,,,,,,,,,,,,,,,,,,,,,,,,,,,,,,,,,,,,,,,,,,,,,,,,,,,,,,,,,,,,,,,,,,,,,,,,,,,,,,
Paint,,,,,,,,,,,,,,,,,,,,,,,,,,,,,,,,,,,,,,,,,,,,,,,,,,,,,,,,,,,,,,,,,,,,,,,,,,,,,,,
Percheron,,"Calm, placid, proud, alert, intelligent","Head with a straight profile, large eyes, broad forehead, medium-sized ears, deep cheek, strong neck, deep well-laid shoulders, wide chest, strong and short back, wide, deep ribs, clean, heavily-muscled legs and feet","Gray or black, with partial white markings on heads and legs are allowed in Britain and France; chestnut, bay, and roan are also allowed in the US","15.1-18.1 hands (61-73 inches, 155-185 cm) in France, 16.2-17.3 hands (65-71 inches, 168-180 cm) in the US, more than 16.1 hands (64.4 inches, 164 cm) in Great Britain","1,100-2,600 lbs (500-1,200 kg) in France, 1,900-2,600 lbs (860-1,200 kg) in the US, 1,800-2,200 lbs (820-1,000 kg) in Great Britain",Cold-blooded,"Originally used as war horses; pulling stagecoaches and carriages, hauling heavy goods, agriculture, farm work, riding, dressage, show jumping, meat production, crossed with other breeds",Equine Polysaccharide Storage Myopathy (EPSM) and arterial occlusion may affect some horses,"Yes; straight, bold movement with long free strides","Good-natured, energetic, willing workers, easy keepers, adapts well to harsh climates and conditions","Forage, including pasture, hay pellets or cubes, vitamin and mineral supplements",France,"Arabian, Oriental, Spanish, Boulonnais, Moorish horses","Percheron Horse Association of America, Les Haras Nationaux (France), British Percheron Horse Society",,,,,,,,,,,,,,,,,,,,,,,,,,,,,,,,,,,,,,,,,,,,,,,,,,,,,,,,,,,,,,,,
Puerto Rican Paso Fino,,,,,,,,,,,,,,,,,,,,,,,,,,,,,,,,,,,,,,,,,,,,,,,,,,,,,,,,,,,,,,,,,,,,,,,,,,,,,,,
Quarter Horse,,,,,,,,,,,,,,,,,,,,,,,,,,,,,,,,,,,,,,,,,,,,,,,,,,,,,,,,,,,,,,,,,,,,,,,,,,,,,,,
Shetland,Shetland,,,,,Light; 450 pounds,Warm,"Riding (especially children), dressage, show and pack purposes",,,"Small size, multi-talented, good in jumping, adaptable, overall docile personality",,"Shetland Isles (Scotland, UK)",,,,,"Black, bay, dun, roan, brown, chestnut, gray, brown and part-colored","Up to 11 hands (adult)
(Registered individuals must not exceed 10.2 hands)",,"Both foals and stallions/mares are sturdy, with no specific diseases","Riding Pony, Show Pony, Guide Pony, Cart pony, Mining pony, Working Pony (both commercial and domestic)",,,,"Short body with a small but well-proportioned head, small and erect ears, dark eyes, and a well-set neck covered by dense, long-hanging mane; the shoulder is sloped, while the legs and feet are short but solid and tough ending in strong hooves (modern American subtypes are more refined)",Uncertain,"The Shetland Pony Stud-Book Society (UK)
American Shetland Pony Club (USA)",,,,,,,,,,,,,,,,,,,,,,,,,‘Shett-lundPow-nee’,"Highly intelligent, lively, headstrong, independent, adaptable, affectionate",30 years,Slightly experienced owners,DOM,Minimum,Less,Moderate,"Normal equine diet including hay, grass, grains, etc.",,,,,,,,,,,,,,,,,,
Shire,,,"The structure is massive, with a big head, large eyes; the long neck is slightly arched ending in a wide chest and broad shoulders; the legs are muscular with the perfect hocks set for maximum leverage; the back of the legs are covered with dense feathering while the hooves are round and large",,,Heavy; 1800 pounds,Cold,"General riding, dressage, eventing, pulling hefty goods",,,,"General horse diet including hay, grass, grains, etc.",England (UK),,,,,"Black, Bay, Gray, Chestnut (traditional colors)","Large;
Stallions: 17 hands (68 inches or 173 cm);
Mares: 16 hands (64 inches or 163 cm);
Geldings: 16.2 hands (66 inches or 168 cm)
(Up to 21.2 hands)",,Healthy in general; no specific diseases,"Cart Horse, Heavy Draft Horse, Riding Horse, Sports Horse, Show Horse, Parade Horse",,,,,"The Great Horse, Packington Blind Horse, Friesan, Flanders","American Shire Horse Association
Breed Standards",,,,,,,,25-30 years,,End of 16th to beginning of 17th century,,,,,,,,,,,,,,,,,,,,,,,,"Mild-mannered, noble, willing, adaptable, gentle","Extremely powerful, multi-talented, easily trainable",Yes,,,,,,,,,,,,,,,
STBDNor Standardbred (Norway),,,,,,,,,,,,,,,,,,,,,,,,,,,,,,,,,,,,,,,,,,,,,,,,,,,,,,,,,,,,,,,,,,,,,,,,,,,,,,,
Swiss Warmblood,"Einsiedler, Swiss Half bred",,,"Black, buckskin, dun, roan, champagne, perlino, cremello, grullo, brown, palomino, gray, chestnut, bay",,1500 pounds,Warm blood,,No know breed specific health problems,,,,Switzerland,Anglo-Norman horse; Yorkshire Coach horse; Holsteiners,,,,,,,,,,,,,,,"Calm, gentle., willing, easy-to-train, loyal, fun loving, well-mannered, alert and intelligent","Small head; straight and slightly convex profile; expressive ears; alert eyes; deep, well-muscled chest; prominent withers; sloping croup; long, hard legs; well-defined tendons; and short cannons",30 years,"General riding, endurance riding, dressage, hunting",15.1 to 16.2 hands,Hay and grain,,,,,,,,,,,,,,,,,,,,,,,,,,,,,,,10th century,,,,,,,,,,,,,,
 Thoroughbred (UK/Ire),,,,,,,,,,,,,,,,,,,,,,,,,,,,,,,,,,,,,,,,,,,,,,,,,,,,,,,,,,,,,,,,,,,,,,,,,,,,,,,
 Thoroughbred (US),,,,,,,,,,,,,,,,,,,,,,,,,,,,,,,,,,,,,,,,,,,,,,,,,,,,,,,,,,,,,,,,,,,,,,,,,,,,,,,
Clydesdale,,,,,,1950 pounds approx. (heavy),Cold,"General riding, eventing, show, work",,,"Multi-talented, excellent in stepping (high steps), easy trainability, durable","General horse diet including hay, grass, grains, etc.",Scottland,,,,,"Bay is the most common, but also black, gray, roan and pinto",Up to 18 hands (adult),,Healthy,"Draught Horse, Show Horse, Work Horse (forestry and agriculture), Patrol Horse, Parade Horse",,,,"The structure is large with a straight profile and a handsome head, with stout shoulders and chest, a long, crested neck and high withers; the feet silky feathers on the back and are flat and open that are fitted for walking through hard surfaces (rather than for plowing); the legs are long and well-shaped (with the hind quarters being longer than other draft breeds)","Shire Horse, local breeds",The Clydesdale Horse Society,,,,,,,"Noble, friendly, brave, active, versatile",,,,,,,,,,,,,,,,,,,,,,,,,,,,,,,Yes,,,,,,,,,,,,,
Fell Pony,,"Steady, lively, alert, intelligent and independent",,,,Unknown,,,,"Regular, sure-footed with hock and knee action","Reliable jumpers, sturdy built and feathered legs",,"Cumbria, England",,,,,,,,,,,,,"Hardy with a strong flat bone; small head; broad forehead; large nostrils; prominent and intelligent eyes; neatly set ears; proportionate neck length,  moderate crest and sloping shoulders;",Dales Pony,,,,,,,,,,,,,,,,,,,,,,,,,,,,,,,,,,,,,,,,14 hands (approx.),"Black, brown, Chestnut, bay and Grey, / white marking on or below the hind fetlock ( excess white marking is eligible for registration but discouraged by the breeders)","Pleasure Riding,Pack-Work, and  Shepherding","FPS (Fell Pony Syndrome), commonly occurring in the foals of this breed.","Pasture, hay (grass), vitamin supplement, free-choice minerals, and probiotics","Fell Pony Society
·Fell Pony Society of North America",,,,,,,
Morgan,,,,,,950 pounds,Warm,"Endurance riding, general riding, jumping, racing, competitive trail riding, driving",,,"Multi-talented (versatile), easy trainability, intelligent, adaptable to harness, easy to keep",,USA,"Welsh Cob, Thoroughbred, Arabian and Barb",,,,"12 common coat colors, with the most common ones  including black, chestnut, gray, and piebald",14.1 to 15.2 hands (adult male and female average),,Normally a healthy breed with no breed-specific problems,"Sports horse, Show horse, Trail Riding horse, Pleasure Riding horse, Harness Racing horse",,,,"Has a large body with a deep girth and a straight profile with the head being medium-sized that is tapered down to the muzzle; the neck is upright and graceful, while the shoulder is sloping and is strongly-built while the chest and the back are broad; the legs are well-formed having strong joints with symmetrical hind legs and quarters; the tail is characteristically straight and flowing",,American Morgan Horse Association,,,,,,,"Versatile, brave, spirited, adaptable, eager, friendly",Around 30 years,Needs minimum forage; requires little or no grain supplement,1789,,,,,,,,,,,,,,,,,,,,,,,,,,,,,,,,,,,,,,,,,
Saddlebred,,,,,,,,,,,,,,,,,,,,,,,,,,,,,,,,,,,,,,,,,,,,,,,,,,,,,,,,,,,,,,,,,,,,,,,,,,,,,,,
Standardbred (US),Trotter Pacer,"Intelligent, willing, easy-to-train, people-oriented, loyal","Muscular stature with straight, refined head; broad forehead, shallow mouth, large nostrils, well-defined withers, long and heavy muscles, strong shoulders; medium to long, slightly-arched, muscular neck; solidly-built legs with tough hooves","Brown, black, bay, gray, chestnut, roan",14-17 hands (142-173 cm),"360-450 kg (800-1,000 lbs)",Warm-blooded,"Harness racing, pleasure riding, trail riding, dressage; as sport horse in eventing, show hunter, show jumping; as light buggy horses by the Amish people",Some Standardbreds are known to suffer from problems with joints and bones,"Yes; a racing gait called the trot, a two-beat lateral gait known as the pace, and another one called the canter","Strength, stamina, agility, versatility","Grass, hay, whole or crimped oats, steamed or soaked whole barley, cracked or crushed corn",United States of America,"Thoroughbred, Hackney, Morgan, Norfolk Trotter, Canadian Pacer, Narragansett Pacer",,,,,,,,,,,,,,,,,,,,,,,,,,,,,,,,,,,,,Breed Registry with Breed standards,,,,,,,,,,,,,,,,,,,,,,STB,,,,,,
Peruvian Paso,,"Docile, gentle, responsive, willing.",,"Chestnut, brown, black, bay, buckskin, gray, roan, dun or palomino with white markings on the legs and face.",,900 to 1000 lbs,,,,,"Balance, smoothness, brio, endurance.","Hay, grain, grass, shrubs.",Peru,,,,,,,,,,,,,,,,,,,,,,,25-30 years,,,,"Pleasure riding, parades, horse exhibitions, dressage shows, trail and endurance riding.",16th century,"Peruvian Horse, Peruvian Stepping Horse.",,,,,,,,,,,,,,,,,,,,,,,,,,,,,,,,Height – 14 to 15.2 hands,"Sturdy, muscular, powerful build; deep chest; strongly arched neck; short back; quiet tail. Stallions possess larger neck and broader chest than the mares.","Four-beat, lateral gait (known as paso llano) — left hind, left fore, right hind, right fore.",,,
Tuva,,,,,,,,,,,,,,,,,,,,,,,,,,,,,,,,,,,,,,,,,,,,,,,,,,,,,,,,,,,,,,,,,,,,,,,,,,,,,,,
North Swedish Horse,,,,"Available in all solid colors including gray, black, dun, chestnut, palomino, buckskin, brown",15.1 to 15.3 hands,1700 pounds,Cold-blooded,"Work, endurance",,,"Low care and feeding cost, versatile, strong and hardy, easily maintainable","General horse diets consisting of hay, grass, grains, vegetables, etc.",Sweden,,,,,,,,Generally a healthy breed. No breed-specific health issues. Owners must ensure to maintain a healthy lifestyle and regular vet checkups,,,,,,"Norwegian Dølahest, Friesian",,,,,,,,"Loyal, willing to work, intelligent, fun loving, easy going, easily trainable, obedient temperament with a docile disposition, cooperative",,,,,,,,,,19th century,,"Both stallions and mares have a large head with long ears; low wither with a deep chest; their neck is thick but short that ends in sloping shoulders; they have a deep body with a long back side; rounded quarters with a sloping croup; their legs are short, with substantial bone; the mane and the tail are dense and abundant",30-31 years,Energetic trots,,Pedigree Search,,,,,,,,,,,,,,,,,,,,,,,,,,,,
Florida Cracker,,,,"Black, gray, grullo, roan, bay, dun, chestnut, etc.",13.2 to 15.2 hands,700 to 1000 pounds,,"Work, general riding, endurance, traditional western ranching pursuits",,Yes,"Endurance capabilities, disease-resistance, easily maintainable, multi-talented","General horse diet consisting of hay, grass, grains, vegetables, etc.","North America (Florida, USA)","Iberian horse, Chickasaw horse, Andalusians, Spanish sorraia and North African barb horses",,,,,,,"Generally healthy, no known breed-specific diseases",,,,,,,,,,,,,,,,,,,,16th century,,,,,,,Long life,,,"Conformation/Standards
Pedigree",,,,,,,,,,,,,,,,,,,,,,,,,,"Moderate, tenacious, mild, gentle, loyal, intelligent","Well-defined head;  well-spaced, alert, dark eyes with a white sclera, someties gray or blue; narrow neck without excessive crest; proportionate back part; medium to narrow chest with well spring ribs; sloping, long, smooth-muscled, shoulders that are laid back; sloping and short croup with a low-set tail; body’s under line longer than top line",Warm-blooded
